{
  "snapshotDate": "2026-06-26T01:54:51.041Z",
  "machine": {
    "platform": "darwin",
    "arch": "arm64",
    "node": "v25.9.0",
    "cpus": 16
  },
  "backend": {
    "name": "fs",
    "description": "Filesystem-direct (MiniSearch in-process, no HTTP round-trip)"
  },
  "runs": 10,
  "rssBefore": 299335680,
  "rssPeak": 359759872,
  "search": [
    {
      "id": "single-term",
      "kind": "single",
      "query": "church",
      "stats": {
        "coldMs": 2.302,
        "warm": {
          "n": 9,
          "min": 0.825583,
          "median": 0.865916,
          "p90": 1.2065,
          "p95": 1.2065,
          "p99": 1.2065,
          "max": 1.2065,
          "mean": 0.8931897777777777
        },
        "all": {
          "n": 10,
          "min": 0.825583,
          "median": 0.865916,
          "p90": 1.2065,
          "p95": 2.302,
          "p99": 2.302,
          "max": 2.302,
          "mean": 1.0340707999999998
        },
        "payloadBytesMean": 2807,
        "payloadTokensMean": 757,
        "runs": 10
      },
      "firstRunHitCount": 10,
      "ttfr": {
        "coldTtfrMs": 0.651042,
        "warmTtfr": {
          "n": 9,
          "min": 0.41775,
          "median": 0.433083,
          "p90": 0.461833,
          "p95": 0.461833,
          "p99": 0.461833,
          "max": 0.461833,
          "mean": 0.4366156666666667
        },
        "runs": 10
      }
    },
    {
      "id": "multi-term",
      "kind": "multi",
      "query": "Roman Empire",
      "stats": {
        "coldMs": 1.745709,
        "warm": {
          "n": 9,
          "min": 1.290417,
          "median": 1.358916,
          "p90": 1.843833,
          "p95": 1.843833,
          "p99": 1.843833,
          "max": 1.843833,
          "mean": 1.4407637777777778
        },
        "all": {
          "n": 10,
          "min": 1.290417,
          "median": 1.358916,
          "p90": 1.745709,
          "p95": 1.843833,
          "p99": 1.843833,
          "max": 1.843833,
          "mean": 1.4712583000000001
        },
        "payloadBytesMean": 2821,
        "payloadTokensMean": 788,
        "runs": 10
      },
      "firstRunHitCount": 10,
      "ttfr": {
        "coldTtfrMs": 0.439417,
        "warmTtfr": {
          "n": 9,
          "min": 0.295125,
          "median": 0.348584,
          "p90": 3.285125,
          "p95": 3.285125,
          "p99": 3.285125,
          "max": 3.285125,
          "mean": 0.677028111111111
        },
        "runs": 10
      }
    },
    {
      "id": "phrase",
      "kind": "phrase",
      "query": "the capital of",
      "stats": {
        "coldMs": 4.280459,
        "warm": {
          "n": 9,
          "min": 2.6965,
          "median": 2.829542,
          "p90": 3.2265,
          "p95": 3.2265,
          "p99": 3.2265,
          "max": 3.2265,
          "mean": 2.8984815555555556
        },
        "all": {
          "n": 10,
          "min": 2.6965,
          "median": 2.829542,
          "p90": 3.2265,
          "p95": 4.280459,
          "p99": 4.280459,
          "max": 4.280459,
          "mean": 3.0366793000000003
        },
        "payloadBytesMean": 2794,
        "payloadTokensMean": 786,
        "runs": 10
      },
      "firstRunHitCount": 10,
      "ttfr": {
        "coldTtfrMs": 1.880375,
        "warmTtfr": {
          "n": 9,
          "min": 1.664625,
          "median": 1.734792,
          "p90": 1.798833,
          "p95": 1.798833,
          "p99": 1.798833,
          "max": 1.798833,
          "mean": 1.7351713333333334
        },
        "runs": 10
      }
    },
    {
      "id": "rare-term",
      "kind": "rare",
      "query": "phlogiston",
      "stats": {
        "coldMs": 0.823583,
        "warm": {
          "n": 9,
          "min": 0.296208,
          "median": 0.312542,
          "p90": 0.356083,
          "p95": 0.356083,
          "p99": 0.356083,
          "max": 0.356083,
          "mean": 0.31845366666666663
        },
        "all": {
          "n": 10,
          "min": 0.296208,
          "median": 0.312542,
          "p90": 0.356083,
          "p95": 0.823583,
          "p99": 0.823583,
          "max": 0.823583,
          "mean": 0.3689666
        },
        "payloadBytesMean": 2,
        "payloadTokensMean": 1,
        "runs": 10
      },
      "firstRunHitCount": 0,
      "ttfr": {
        "coldTtfrMs": 0.314333,
        "warmTtfr": {
          "n": 9,
          "min": 0.292791,
          "median": 0.303667,
          "p90": 0.329375,
          "p95": 0.329375,
          "p99": 0.329375,
          "max": 0.329375,
          "mean": 0.30714355555555556
        },
        "runs": 10
      }
    }
  ],
  "read": {
    "small": {
      "path": "Encyclopedia/B/Bauernfeld.md",
      "stats": {
        "coldMs": 1.600417,
        "warm": {
          "n": 9,
          "min": 0.128542,
          "median": 0.206834,
          "p90": 0.305834,
          "p95": 0.305834,
          "p99": 0.305834,
          "max": 0.305834,
          "mean": 0.2075651111111111
        },
        "all": {
          "n": 10,
          "min": 0.128542,
          "median": 0.206834,
          "p90": 0.305834,
          "p95": 1.600417,
          "p99": 1.600417,
          "max": 1.600417,
          "mean": 0.3468503
        },
        "payloadBytesMean": 1959,
        "payloadTokensMean": 574,
        "runs": 10
      }
    },
    "large": {
      "path": "Encyclopedia/E/English Law.md",
      "stats": {
        "coldMs": 0.589917,
        "warm": {
          "n": 9,
          "min": 0.464959,
          "median": 0.494875,
          "p90": 0.565333,
          "p95": 0.565333,
          "p99": 0.565333,
          "max": 0.565333,
          "mean": 0.504823888888889
        },
        "all": {
          "n": 10,
          "min": 0.464959,
          "median": 0.494875,
          "p90": 0.565333,
          "p95": 0.589917,
          "p99": 0.589917,
          "max": 0.589917,
          "mean": 0.5133332
        },
        "payloadBytesMean": 398403,
        "payloadTokensMean": 95094,
        "runs": 10
      }
    }
  },
  "tools": {
    "list": {
      "coldMs": 1.317,
      "warm": {
        "n": 9,
        "min": 0.040041,
        "median": 0.052,
        "p90": 0.082959,
        "p95": 0.082959,
        "p99": 0.082959,
        "max": 0.082959,
        "mean": 0.05287033333333334
      },
      "all": {
        "n": 10,
        "min": 0.040041,
        "median": 0.052,
        "p90": 0.082959,
        "p95": 1.317,
        "p99": 1.317,
        "max": 1.317,
        "mean": 0.17928329999999998
      },
      "payloadBytesMean": 512,
      "payloadTokensMean": 129,
      "runs": 10
    },
    "listTags": null,
    "outline": null,
    "getBacklinks": null,
    "getLinks": null,
    "getPeriodicNote": null
  }
}