{
  "snapshotDate": "2026-06-26T01:54:56.482Z",
  "machine": {
    "platform": "darwin",
    "arch": "arm64",
    "node": "v25.9.0",
    "cpus": 16
  },
  "backend": {
    "name": "mcpvault",
    "description": "mcpvault @bitbonsai (filesystem-direct, MCP stdio subprocess)"
  },
  "runs": 10,
  "rssBefore": 157745152,
  "rssPeak": 173031424,
  "search": [
    {
      "id": "single-term",
      "kind": "single",
      "query": "church",
      "stats": {
        "coldMs": 97.9625,
        "warm": {
          "n": 9,
          "min": 85.239459,
          "median": 88.898709,
          "p90": 94.095833,
          "p95": 94.095833,
          "p99": 94.095833,
          "max": 94.095833,
          "mean": 89.149403
        },
        "all": {
          "n": 10,
          "min": 85.239459,
          "median": 88.898709,
          "p90": 94.095833,
          "p95": 97.9625,
          "p99": 97.9625,
          "max": 97.9625,
          "mean": 90.03071270000001
        },
        "payloadBytesMean": 2417,
        "payloadTokensMean": 767,
        "runs": 10
      },
      "firstRunHitCount": 10,
      "ttfr": null
    },
    {
      "id": "multi-term",
      "kind": "multi",
      "query": "Roman Empire",
      "stats": {
        "coldMs": 111.352459,
        "warm": {
          "n": 9,
          "min": 106.664208,
          "median": 108.967541,
          "p90": 111.04175,
          "p95": 111.04175,
          "p99": 111.04175,
          "max": 111.04175,
          "mean": 108.49835655555555
        },
        "all": {
          "n": 10,
          "min": 106.664208,
          "median": 108.967541,
          "p90": 111.04175,
          "p95": 111.352459,
          "p99": 111.352459,
          "max": 111.352459,
          "mean": 108.7837668
        },
        "payloadBytesMean": 2338,
        "payloadTokensMean": 744,
        "runs": 10
      },
      "firstRunHitCount": 10,
      "ttfr": null
    },
    {
      "id": "phrase",
      "kind": "phrase",
      "query": "the capital of",
      "stats": {
        "coldMs": 113.786667,
        "warm": {
          "n": 9,
          "min": 111.381917,
          "median": 113.482167,
          "p90": 117.5655,
          "p95": 117.5655,
          "p99": 117.5655,
          "max": 117.5655,
          "mean": 113.56056966666667
        },
        "all": {
          "n": 10,
          "min": 111.381917,
          "median": 113.482167,
          "p90": 114.452416,
          "p95": 117.5655,
          "p99": 117.5655,
          "max": 117.5655,
          "mean": 113.58317939999999
        },
        "payloadBytesMean": 2276,
        "payloadTokensMean": 742,
        "runs": 10
      },
      "firstRunHitCount": 10,
      "ttfr": null
    },
    {
      "id": "rare-term",
      "kind": "rare",
      "query": "phlogiston",
      "stats": {
        "coldMs": 85.664,
        "warm": {
          "n": 9,
          "min": 83.652833,
          "median": 85.6925,
          "p90": 87.598834,
          "p95": 87.598834,
          "p99": 87.598834,
          "max": 87.598834,
          "mean": 85.65688433333334
        },
        "all": {
          "n": 10,
          "min": 83.652833,
          "median": 85.664,
          "p90": 86.883291,
          "p95": 87.598834,
          "p99": 87.598834,
          "max": 87.598834,
          "mean": 85.6575959
        },
        "payloadBytesMean": 2,
        "payloadTokensMean": 1,
        "runs": 10
      },
      "firstRunHitCount": 0,
      "ttfr": null
    }
  ],
  "read": {
    "small": {
      "path": "Encyclopedia/B/Bauernfeld.md",
      "stats": {
        "coldMs": 1.26725,
        "warm": {
          "n": 9,
          "min": 0.283042,
          "median": 0.302083,
          "p90": 0.409834,
          "p95": 0.409834,
          "p99": 0.409834,
          "max": 0.409834,
          "mean": 0.32156955555555555
        },
        "all": {
          "n": 10,
          "min": 0.283042,
          "median": 0.302083,
          "p90": 0.409834,
          "p95": 1.26725,
          "p99": 1.26725,
          "max": 1.26725,
          "mean": 0.4161376
        },
        "payloadBytesMean": 2019,
        "payloadTokensMean": 608,
        "runs": 10
      }
    },
    "large": {
      "path": "Encyclopedia/E/English Law.md",
      "stats": {
        "coldMs": 5.563208,
        "warm": {
          "n": 9,
          "min": 2.115791,
          "median": 2.313834,
          "p90": 2.744666,
          "p95": 2.744666,
          "p99": 2.744666,
          "max": 2.744666,
          "mean": 2.3334907777777776
        },
        "all": {
          "n": 10,
          "min": 2.115791,
          "median": 2.313834,
          "p90": 2.744666,
          "p95": 5.563208,
          "p99": 5.563208,
          "max": 5.563208,
          "mean": 2.6564625
        },
        "payloadBytesMean": 405249,
        "payloadTokensMean": 96963,
        "runs": 10
      }
    }
  },
  "tools": {
    "list": {
      "coldMs": 0.753917,
      "warm": {
        "n": 9,
        "min": 0.250666,
        "median": 0.27875,
        "p90": 0.368417,
        "p95": 0.368417,
        "p99": 0.368417,
        "max": 0.368417,
        "mean": 0.29956933333333335
      },
      "all": {
        "n": 10,
        "min": 0.250666,
        "median": 0.27875,
        "p90": 0.368417,
        "p95": 0.753917,
        "p99": 0.753917,
        "max": 0.753917,
        "mean": 0.34500410000000004
      },
      "payloadBytesMean": 165,
      "payloadTokensMean": 41,
      "runs": 10
    },
    "listTags": null,
    "outline": null,
    "getBacklinks": null,
    "getLinks": null,
    "getPeriodicNote": null
  }
}