{
  "snapshotDate": "2026-06-27T01:50:01.815Z",
  "machine": {
    "platform": "darwin",
    "arch": "arm64",
    "node": "v25.9.0",
    "cpus": 16
  },
  "backend": {
    "name": "fs",
    "description": "Filesystem-direct (MiniSearch in-process, no HTTP round-trip)"
  },
  "runs": 20,
  "rssBefore": 302858240,
  "rssPeak": 362676224,
  "search": [
    {
      "id": "single-term",
      "kind": "single",
      "query": "church",
      "stats": {
        "coldMs": 2.447458,
        "warm": {
          "n": 19,
          "min": 0.661083,
          "median": 0.830542,
          "p90": 0.932417,
          "p95": 0.979083,
          "p99": 0.979083,
          "max": 0.979083,
          "mean": 0.810886052631579
        },
        "all": {
          "n": 20,
          "min": 0.661083,
          "median": 0.830542,
          "p90": 0.932417,
          "p95": 0.979083,
          "p99": 2.447458,
          "max": 2.447458,
          "mean": 0.89271465
        },
        "payloadBytesMean": 2806,
        "payloadTokensMean": 755,
        "runs": 20
      },
      "firstRunHitCount": 10,
      "ttfr": {
        "coldTtfrMs": 0.58325,
        "warmTtfr": {
          "n": 19,
          "min": 0.4065,
          "median": 0.434833,
          "p90": 0.473417,
          "p95": 0.485667,
          "p99": 0.485667,
          "max": 0.485667,
          "mean": 0.44127189473684214
        },
        "runs": 20
      }
    },
    {
      "id": "multi-term",
      "kind": "multi",
      "query": "Roman Empire",
      "stats": {
        "coldMs": 1.708458,
        "warm": {
          "n": 19,
          "min": 1.087459,
          "median": 1.132584,
          "p90": 1.389959,
          "p95": 4.499167,
          "p99": 4.499167,
          "max": 4.499167,
          "mean": 1.3264826842105264
        },
        "all": {
          "n": 20,
          "min": 1.087459,
          "median": 1.132584,
          "p90": 1.389959,
          "p95": 1.708458,
          "p99": 4.499167,
          "max": 4.499167,
          "mean": 1.34558145
        },
        "payloadBytesMean": 2819,
        "payloadTokensMean": 788,
        "runs": 20
      },
      "firstRunHitCount": 10,
      "ttfr": {
        "coldTtfrMs": 0.310708,
        "warmTtfr": {
          "n": 19,
          "min": 0.283125,
          "median": 0.286958,
          "p90": 0.30425,
          "p95": 0.306166,
          "p99": 0.306166,
          "max": 0.306166,
          "mean": 0.2900196842105263
        },
        "runs": 20
      }
    },
    {
      "id": "phrase",
      "kind": "phrase",
      "query": "the capital of",
      "stats": {
        "coldMs": 4.299667,
        "warm": {
          "n": 19,
          "min": 2.505833,
          "median": 2.712041,
          "p90": 3.05475,
          "p95": 4.057375,
          "p99": 4.057375,
          "max": 4.057375,
          "mean": 2.7911752105263155
        },
        "all": {
          "n": 20,
          "min": 2.505833,
          "median": 2.712041,
          "p90": 3.05475,
          "p95": 4.057375,
          "p99": 4.299667,
          "max": 4.299667,
          "mean": 2.8665998
        },
        "payloadBytesMean": 2796,
        "payloadTokensMean": 786,
        "runs": 20
      },
      "firstRunHitCount": 10,
      "ttfr": {
        "coldTtfrMs": 1.762209,
        "warmTtfr": {
          "n": 19,
          "min": 1.727,
          "median": 1.790958,
          "p90": 2.301541,
          "p95": 2.750792,
          "p99": 2.750792,
          "max": 2.750792,
          "mean": 1.8917827894736836
        },
        "runs": 20
      }
    },
    {
      "id": "rare-term",
      "kind": "rare",
      "query": "phlogiston",
      "stats": {
        "coldMs": 0.806833,
        "warm": {
          "n": 19,
          "min": 0.297333,
          "median": 0.311708,
          "p90": 0.3565,
          "p95": 0.370125,
          "p99": 0.370125,
          "max": 0.370125,
          "mean": 0.31983989473684205
        },
        "all": {
          "n": 20,
          "min": 0.297333,
          "median": 0.311708,
          "p90": 0.3565,
          "p95": 0.370125,
          "p99": 0.806833,
          "max": 0.806833,
          "mean": 0.34418954999999996
        },
        "payloadBytesMean": 2,
        "payloadTokensMean": 1,
        "runs": 20
      },
      "firstRunHitCount": 0,
      "ttfr": {
        "coldTtfrMs": 0.326667,
        "warmTtfr": {
          "n": 19,
          "min": 0.294375,
          "median": 0.30225,
          "p90": 0.335708,
          "p95": 0.348792,
          "p99": 0.348792,
          "max": 0.348792,
          "mean": 0.3074998947368421
        },
        "runs": 20
      }
    }
  ],
  "read": {
    "small": {
      "path": "Encyclopedia/B/Bauernfeld.md",
      "stats": {
        "coldMs": 13.808208,
        "warm": {
          "n": 19,
          "min": 0.065667,
          "median": 0.085792,
          "p90": 0.170458,
          "p95": 0.294417,
          "p99": 0.294417,
          "max": 0.294417,
          "mean": 0.10875000000000001
        },
        "all": {
          "n": 20,
          "min": 0.065667,
          "median": 0.085792,
          "p90": 0.170458,
          "p95": 0.294417,
          "p99": 13.808208,
          "max": 13.808208,
          "mean": 0.7937229
        },
        "payloadBytesMean": 1959,
        "payloadTokensMean": 574,
        "runs": 20
      }
    },
    "large": {
      "path": "Encyclopedia/E/English Law.md",
      "stats": {
        "coldMs": 0.38425,
        "warm": {
          "n": 19,
          "min": 0.284167,
          "median": 0.312292,
          "p90": 0.36025,
          "p95": 0.374042,
          "p99": 0.374042,
          "max": 0.374042,
          "mean": 0.31466884210526314
        },
        "all": {
          "n": 20,
          "min": 0.284167,
          "median": 0.312292,
          "p90": 0.36025,
          "p95": 0.374042,
          "p99": 0.38425,
          "max": 0.38425,
          "mean": 0.31814789999999993
        },
        "payloadBytesMean": 398403,
        "payloadTokensMean": 95094,
        "runs": 20
      }
    }
  },
  "tools": {
    "list": {
      "coldMs": 0.301958,
      "warm": {
        "n": 19,
        "min": 0.03425,
        "median": 0.038125,
        "p90": 0.051041,
        "p95": 0.061417,
        "p99": 0.061417,
        "max": 0.061417,
        "mean": 0.04040794736842104
      },
      "all": {
        "n": 20,
        "min": 0.03425,
        "median": 0.038125,
        "p90": 0.051041,
        "p95": 0.061417,
        "p99": 0.301958,
        "max": 0.301958,
        "mean": 0.05348544999999999
      },
      "payloadBytesMean": 512,
      "payloadTokensMean": 129,
      "runs": 20
    },
    "listTags": null,
    "outline": null,
    "getBacklinks": null,
    "getLinks": null,
    "getPeriodicNote": null
  }
}