{
  "snapshotDate": "2026-06-26T03:26:05.561Z",
  "machine": {
    "platform": "darwin",
    "arch": "arm64",
    "node": "v25.9.0",
    "cpus": 16
  },
  "backend": {
    "name": "mcp-obsidian",
    "description": "mcp-obsidian (MarkusPfundstein, REST API, requires Obsidian running)"
  },
  "runs": 20,
  "rssBefore": 158334976,
  "rssPeak": 905510912,
  "search": [
    {
      "id": "single-term",
      "kind": "single",
      "query": "church",
      "stats": {
        "coldMs": 48.282708,
        "warm": {
          "n": 19,
          "min": 23.7045,
          "median": 25.057042,
          "p90": 27.740625,
          "p95": 36.452375,
          "p99": 36.452375,
          "max": 36.452375,
          "mean": 25.812160105263164
        },
        "all": {
          "n": 20,
          "min": 23.7045,
          "median": 25.057042,
          "p90": 27.740625,
          "p95": 36.452375,
          "p99": 48.282708,
          "max": 48.282708,
          "mean": 26.935687500000007
        },
        "payloadBytesMean": 435563,
        "payloadTokensMean": 112716,
        "runs": 20
      },
      "firstRunHitCount": 223,
      "ttfr": null
    },
    {
      "id": "multi-term",
      "kind": "multi",
      "query": "Roman Empire",
      "stats": {
        "coldMs": 32.697833,
        "warm": {
          "n": 19,
          "min": 27.103416,
          "median": 27.754834,
          "p90": 28.504416,
          "p95": 28.815625,
          "p99": 28.815625,
          "max": 28.815625,
          "mean": 27.828567894736842
        },
        "all": {
          "n": 20,
          "min": 27.103416,
          "median": 27.754834,
          "p90": 28.504416,
          "p95": 28.815625,
          "p99": 32.697833,
          "max": 32.697833,
          "mean": 28.072031149999997
        },
        "payloadBytesMean": 319333,
        "payloadTokensMean": 81650,
        "runs": 20
      },
      "firstRunHitCount": 44,
      "ttfr": null
    },
    {
      "id": "phrase",
      "kind": "phrase",
      "query": "the capital of",
      "stats": {
        "coldMs": 587.489708,
        "warm": {
          "n": 19,
          "min": 555.188541,
          "median": 583.643291,
          "p90": 590.246666,
          "p95": 591.467709,
          "p99": 591.467709,
          "max": 591.467709,
          "mean": 575.8372826842105
        },
        "all": {
          "n": 20,
          "min": 555.188541,
          "median": 583.643291,
          "p90": 587.489708,
          "p95": 590.246666,
          "p99": 591.467709,
          "max": 591.467709,
          "mean": 576.4199039499999
        },
        "payloadBytesMean": 40262394,
        "payloadTokensMean": 10152273,
        "runs": 20
      },
      "firstRunHitCount": 113,
      "ttfr": null
    },
    {
      "id": "rare-term",
      "kind": "rare",
      "query": "phlogiston",
      "stats": {
        "coldMs": 31.547125,
        "warm": {
          "n": 19,
          "min": 16.991584,
          "median": 18.040417,
          "p90": 20.876042,
          "p95": 21.930083,
          "p99": 21.930083,
          "max": 21.930083,
          "mean": 18.422640368421053
        },
        "all": {
          "n": 20,
          "min": 16.991584,
          "median": 18.040417,
          "p90": 20.876042,
          "p95": 21.930083,
          "p99": 31.547125,
          "max": 31.547125,
          "mean": 19.0788646
        },
        "payloadBytesMean": 2,
        "payloadTokensMean": 1,
        "runs": 20
      },
      "firstRunHitCount": 0,
      "ttfr": null
    }
  ],
  "read": {
    "small": {
      "path": "Encyclopedia/B/Bauernfeld.md",
      "stats": {
        "coldMs": 9.438292,
        "warm": {
          "n": 19,
          "min": 5.827375,
          "median": 6.211875,
          "p90": 7.109458,
          "p95": 7.470167,
          "p99": 7.470167,
          "max": 7.470167,
          "mean": 6.397421000000001
        },
        "all": {
          "n": 20,
          "min": 5.827375,
          "median": 6.211875,
          "p90": 7.109458,
          "p95": 7.470167,
          "p99": 9.438292,
          "max": 9.438292,
          "mean": 6.549464550000001
        },
        "payloadBytesMean": 2003,
        "payloadTokensMean": 604,
        "runs": 20
      }
    },
    "large": {
      "path": "Encyclopedia/E/English Law.md",
      "stats": {
        "coldMs": 8.237542,
        "warm": {
          "n": 19,
          "min": 7.818333,
          "median": 9.553709,
          "p90": 11.121125,
          "p95": 11.16675,
          "p99": 11.16675,
          "max": 11.16675,
          "mean": 9.368019684210529
        },
        "all": {
          "n": 20,
          "min": 7.818333,
          "median": 8.635041,
          "p90": 11.017125,
          "p95": 11.121125,
          "p99": 11.16675,
          "max": 11.16675,
          "mean": 9.311495800000003
        },
        "payloadBytesMean": 405246,
        "payloadTokensMean": 96975,
        "runs": 20
      }
    }
  },
  "tools": {
    "list": {
      "coldMs": 9.908625,
      "warm": {
        "n": 19,
        "min": 6.67925,
        "median": 8.024875,
        "p90": 9.019875,
        "p95": 9.1765,
        "p99": 9.1765,
        "max": 9.1765,
        "mean": 8.096596473684212
      },
      "all": {
        "n": 20,
        "min": 6.67925,
        "median": 8.024875,
        "p90": 9.019875,
        "p95": 9.1765,
        "p99": 9.908625,
        "max": 9.908625,
        "mean": 8.187197900000001
      },
      "payloadBytesMean": 184,
      "payloadTokensMean": 60,
      "runs": 20
    },
    "listTags": null,
    "outline": null,
    "getBacklinks": null,
    "getLinks": null,
    "getPeriodicNote": null
  }
}