{
  "snapshotDate": "2026-06-27T01:49:41.147Z",
  "machine": {
    "platform": "darwin",
    "arch": "arm64",
    "node": "v25.9.0",
    "cpus": 16
  },
  "backend": {
    "name": "mcpvault",
    "description": "mcpvault @bitbonsai (filesystem-direct, MCP stdio subprocess)"
  },
  "runs": 20,
  "rssBefore": 155844608,
  "rssPeak": 179077120,
  "search": [
    {
      "id": "single-term",
      "kind": "single",
      "query": "church",
      "stats": {
        "coldMs": 115.212416,
        "warm": {
          "n": 19,
          "min": 85.39525,
          "median": 86.85225,
          "p90": 88.8155,
          "p95": 89.293666,
          "p99": 89.293666,
          "max": 89.293666,
          "mean": 87.08956805263158
        },
        "all": {
          "n": 20,
          "min": 85.39525,
          "median": 86.85225,
          "p90": 88.8155,
          "p95": 89.293666,
          "p99": 115.212416,
          "max": 115.212416,
          "mean": 88.49571045
        },
        "payloadBytesMean": 2417,
        "payloadTokensMean": 767,
        "runs": 20
      },
      "firstRunHitCount": 10,
      "ttfr": null
    },
    {
      "id": "multi-term",
      "kind": "multi",
      "query": "Roman Empire",
      "stats": {
        "coldMs": 107.572583,
        "warm": {
          "n": 19,
          "min": 105.660041,
          "median": 108.0385,
          "p90": 112.263333,
          "p95": 112.296459,
          "p99": 112.296459,
          "max": 112.296459,
          "mean": 108.23240789473685
        },
        "all": {
          "n": 20,
          "min": 105.660041,
          "median": 107.572583,
          "p90": 110.675583,
          "p95": 112.263333,
          "p99": 112.296459,
          "max": 112.296459,
          "mean": 108.19941665000002
        },
        "payloadBytesMean": 2338,
        "payloadTokensMean": 744,
        "runs": 20
      },
      "firstRunHitCount": 10,
      "ttfr": null
    },
    {
      "id": "phrase",
      "kind": "phrase",
      "query": "the capital of",
      "stats": {
        "coldMs": 111.063292,
        "warm": {
          "n": 19,
          "min": 105.142834,
          "median": 109.398875,
          "p90": 115.373625,
          "p95": 119.140375,
          "p99": 119.140375,
          "max": 119.140375,
          "mean": 109.45339473684211
        },
        "all": {
          "n": 20,
          "min": 105.142834,
          "median": 109.398875,
          "p90": 113.020958,
          "p95": 115.373625,
          "p99": 119.140375,
          "max": 119.140375,
          "mean": 109.53388960000002
        },
        "payloadBytesMean": 2276,
        "payloadTokensMean": 742,
        "runs": 20
      },
      "firstRunHitCount": 10,
      "ttfr": null
    },
    {
      "id": "rare-term",
      "kind": "rare",
      "query": "phlogiston",
      "stats": {
        "coldMs": 80.779334,
        "warm": {
          "n": 19,
          "min": 79.264292,
          "median": 80.337417,
          "p90": 81.552459,
          "p95": 83.585958,
          "p99": 83.585958,
          "max": 83.585958,
          "mean": 80.47425231578949
        },
        "all": {
          "n": 20,
          "min": 79.264292,
          "median": 80.337417,
          "p90": 81.278958,
          "p95": 81.552459,
          "p99": 83.585958,
          "max": 83.585958,
          "mean": 80.48950640000001
        },
        "payloadBytesMean": 2,
        "payloadTokensMean": 1,
        "runs": 20
      },
      "firstRunHitCount": 0,
      "ttfr": null
    }
  ],
  "read": {
    "small": {
      "path": "Encyclopedia/B/Bauernfeld.md",
      "stats": {
        "coldMs": 1.175458,
        "warm": {
          "n": 19,
          "min": 0.237875,
          "median": 0.296083,
          "p90": 0.347084,
          "p95": 0.361541,
          "p99": 0.361541,
          "max": 0.361541,
          "mean": 0.29072584210526314
        },
        "all": {
          "n": 20,
          "min": 0.237875,
          "median": 0.296083,
          "p90": 0.347084,
          "p95": 0.361541,
          "p99": 1.175458,
          "max": 1.175458,
          "mean": 0.33496244999999997
        },
        "payloadBytesMean": 2019,
        "payloadTokensMean": 608,
        "runs": 20
      }
    },
    "large": {
      "path": "Encyclopedia/E/English Law.md",
      "stats": {
        "coldMs": 5.330042,
        "warm": {
          "n": 19,
          "min": 2.069459,
          "median": 2.28775,
          "p90": 2.60875,
          "p95": 3.019833,
          "p99": 3.019833,
          "max": 3.019833,
          "mean": 2.3361205789473685
        },
        "all": {
          "n": 20,
          "min": 2.069459,
          "median": 2.28775,
          "p90": 2.60875,
          "p95": 3.019833,
          "p99": 5.330042,
          "max": 5.330042,
          "mean": 2.48581665
        },
        "payloadBytesMean": 405249,
        "payloadTokensMean": 96963,
        "runs": 20
      }
    }
  },
  "tools": {
    "list": {
      "coldMs": 0.92275,
      "warm": {
        "n": 19,
        "min": 0.228291,
        "median": 0.286291,
        "p90": 0.566666,
        "p95": 1.33325,
        "p99": 1.33325,
        "max": 1.33325,
        "mean": 0.3649122105263158
      },
      "all": {
        "n": 20,
        "min": 0.228291,
        "median": 0.286291,
        "p90": 0.566666,
        "p95": 0.92275,
        "p99": 1.33325,
        "max": 1.33325,
        "mean": 0.39280410000000004
      },
      "payloadBytesMean": 165,
      "payloadTokensMean": 41,
      "runs": 20
    },
    "listTags": null,
    "outline": null,
    "getBacklinks": null,
    "getLinks": null,
    "getPeriodicNote": null
  }
}