{
  "snapshotDate": "2026-06-26T03:26:13.872Z",
  "machine": {
    "platform": "darwin",
    "arch": "arm64",
    "node": "v25.9.0",
    "cpus": 16
  },
  "backend": {
    "name": "obsidian-mcp-server",
    "description": "obsidian-mcp-server (cyanheads, REST API, requires Obsidian running)"
  },
  "runs": 20,
  "rssBefore": 158547968,
  "rssPeak": 192577536,
  "search": [
    {
      "id": "single-term",
      "kind": "single",
      "query": "church",
      "stats": {
        "coldMs": 54.930292,
        "warm": {
          "n": 19,
          "min": 15.239125,
          "median": 15.936041,
          "p90": 19.096375,
          "p95": 20.956333,
          "p99": 20.956333,
          "max": 20.956333,
          "mean": 16.50591
        },
        "all": {
          "n": 20,
          "min": 15.239125,
          "median": 15.936041,
          "p90": 19.096375,
          "p95": 20.956333,
          "p99": 54.930292,
          "max": 54.930292,
          "mean": 18.427129100000002
        },
        "payloadBytesMean": 14771,
        "payloadTokensMean": 4118,
        "runs": 20
      },
      "firstRunHitCount": 0,
      "ttfr": null
    },
    {
      "id": "multi-term",
      "kind": "multi",
      "query": "Roman Empire",
      "stats": {
        "coldMs": 23.090958,
        "warm": {
          "n": 19,
          "min": 21.809292,
          "median": 22.930125,
          "p90": 24.115375,
          "p95": 24.371375,
          "p99": 24.371375,
          "max": 24.371375,
          "mean": 23.011539473684213
        },
        "all": {
          "n": 20,
          "min": 21.809292,
          "median": 22.930125,
          "p90": 23.943083,
          "p95": 24.115375,
          "p99": 24.371375,
          "max": 24.371375,
          "mean": 23.015510400000004
        },
        "payloadBytesMean": 76068,
        "payloadTokensMean": 20121,
        "runs": 20
      },
      "firstRunHitCount": 0,
      "ttfr": null
    },
    {
      "id": "phrase",
      "kind": "phrase",
      "query": "the capital of",
      "stats": {
        "coldMs": 291.64925,
        "warm": {
          "n": 19,
          "min": 273.193084,
          "median": 276.681125,
          "p90": 286.698417,
          "p95": 297.259959,
          "p99": 297.259959,
          "max": 297.259959,
          "mean": 278.3049781052631
        },
        "all": {
          "n": 20,
          "min": 273.193084,
          "median": 276.681125,
          "p90": 286.698417,
          "p95": 291.64925,
          "p99": 297.259959,
          "max": 297.259959,
          "mean": 278.9721917
        },
        "payloadBytesMean": 135559,
        "payloadTokensMean": 41358,
        "runs": 20
      },
      "firstRunHitCount": 0,
      "ttfr": null
    },
    {
      "id": "rare-term",
      "kind": "rare",
      "query": "phlogiston",
      "stats": {
        "coldMs": 15.8965,
        "warm": {
          "n": 19,
          "min": 10.891875,
          "median": 11.82975,
          "p90": 14.017917,
          "p95": 14.485,
          "p99": 14.485,
          "max": 14.485,
          "mean": 12.079976
        },
        "all": {
          "n": 20,
          "min": 10.891875,
          "median": 11.82975,
          "p90": 14.017917,
          "p95": 14.485,
          "p99": 15.8965,
          "max": 15.8965,
          "mean": 12.2708022
        },
        "payloadBytesMean": 48,
        "payloadTokensMean": 16,
        "runs": 20
      },
      "firstRunHitCount": 0,
      "ttfr": null
    }
  ],
  "read": {
    "small": {
      "path": "Encyclopedia/B/Bauernfeld.md",
      "stats": {
        "coldMs": 6.649542,
        "warm": {
          "n": 19,
          "min": 2.158375,
          "median": 3.039167,
          "p90": 3.561209,
          "p95": 3.825625,
          "p99": 3.825625,
          "max": 3.825625,
          "mean": 3.048061315789473
        },
        "all": {
          "n": 20,
          "min": 2.158375,
          "median": 3.039167,
          "p90": 3.561209,
          "p95": 3.825625,
          "p99": 6.649542,
          "max": 6.649542,
          "mean": 3.2281353499999996
        },
        "payloadBytesMean": 2011,
        "payloadTokensMean": 589,
        "runs": 20
      }
    },
    "large": {
      "path": "Encyclopedia/E/English Law.md",
      "stats": {
        "coldMs": 12.232542,
        "warm": {
          "n": 19,
          "min": 6.423792,
          "median": 7.46075,
          "p90": 8.846125,
          "p95": 10.028375,
          "p99": 10.028375,
          "max": 10.028375,
          "mean": 7.5616250526315785
        },
        "all": {
          "n": 20,
          "min": 6.423792,
          "median": 7.46075,
          "p90": 8.846125,
          "p95": 10.028375,
          "p99": 12.232542,
          "max": 12.232542,
          "mean": 7.7951709
        },
        "payloadBytesMean": 398456,
        "payloadTokensMean": 95108,
        "runs": 20
      }
    }
  },
  "tools": {
    "list": {
      "coldMs": 5.794334,
      "warm": {
        "n": 19,
        "min": 2.234625,
        "median": 2.558667,
        "p90": 3.0775,
        "p95": 3.129791,
        "p99": 3.129791,
        "max": 3.129791,
        "mean": 2.63649547368421
      },
      "all": {
        "n": 20,
        "min": 2.234625,
        "median": 2.558667,
        "p90": 3.0775,
        "p95": 3.129791,
        "p99": 5.794334,
        "max": 5.794334,
        "mean": 2.7943873999999997
      },
      "payloadBytesMean": 780,
      "payloadTokensMean": 215,
      "runs": 20
    },
    "listTags": null,
    "outline": null,
    "getBacklinks": null,
    "getLinks": null,
    "getPeriodicNote": null
  }
}