{
  "snapshotDate": "2026-06-26T00:41:13.901Z",
  "machine": {
    "platform": "darwin",
    "arch": "arm64",
    "node": "v25.9.0",
    "cpus": 16
  },
  "backend": {
    "name": "fs",
    "description": "Filesystem-direct (MiniSearch in-process, no HTTP round-trip)"
  },
  "runs": 20,
  "rssBefore": 832307200,
  "rssPeak": 899268608,
  "search": [
    {
      "id": "single-term",
      "kind": "single",
      "query": "church",
      "stats": {
        "coldMs": 5.446417,
        "warm": {
          "n": 19,
          "min": 1.279041,
          "median": 1.387291,
          "p90": 2.512625,
          "p95": 4.343458,
          "p99": 4.343458,
          "max": 4.343458,
          "mean": 1.6465175263157896
        },
        "all": {
          "n": 20,
          "min": 1.279041,
          "median": 1.387291,
          "p90": 2.512625,
          "p95": 4.343458,
          "p99": 5.446417,
          "max": 5.446417,
          "mean": 1.8365125
        },
        "payloadBytesMean": 2850,
        "payloadTokensMean": 747,
        "runs": 20
      },
      "firstRunHitCount": 10,
      "ttfr": {
        "coldTtfrMs": 1.297291,
        "warmTtfr": {
          "n": 19,
          "min": 1.099125,
          "median": 1.139958,
          "p90": 1.235583,
          "p95": 2.672292,
          "p99": 2.672292,
          "max": 2.672292,
          "mean": 1.225054842105263
        },
        "runs": 20
      }
    },
    {
      "id": "multi-term",
      "kind": "multi",
      "query": "Roman Empire",
      "stats": {
        "coldMs": 4.946625,
        "warm": {
          "n": 19,
          "min": 3.281,
          "median": 3.44225,
          "p90": 4.182,
          "p95": 4.21325,
          "p99": 4.21325,
          "max": 4.21325,
          "mean": 3.512971631578947
        },
        "all": {
          "n": 20,
          "min": 3.281,
          "median": 3.44225,
          "p90": 4.182,
          "p95": 4.21325,
          "p99": 4.946625,
          "max": 4.946625,
          "mean": 3.5846542999999995
        },
        "payloadBytesMean": 2813,
        "payloadTokensMean": 751,
        "runs": 20
      },
      "firstRunHitCount": 10,
      "ttfr": {
        "coldTtfrMs": 2.073542,
        "warmTtfr": {
          "n": 19,
          "min": 1.897792,
          "median": 1.948333,
          "p90": 2.084333,
          "p95": 2.787167,
          "p99": 2.787167,
          "max": 2.787167,
          "mean": 2.006548263157895
        },
        "runs": 20
      }
    },
    {
      "id": "phrase",
      "kind": "phrase",
      "query": "the capital of",
      "stats": {
        "coldMs": 26.354,
        "warm": {
          "n": 19,
          "min": 16.20475,
          "median": 17.13275,
          "p90": 19.271834,
          "p95": 19.896625,
          "p99": 19.896625,
          "max": 19.896625,
          "mean": 17.584798315789474
        },
        "all": {
          "n": 20,
          "min": 16.20475,
          "median": 17.13275,
          "p90": 19.271834,
          "p95": 19.896625,
          "p99": 26.354,
          "max": 26.354,
          "mean": 18.0232584
        },
        "payloadBytesMean": 2804,
        "payloadTokensMean": 754,
        "runs": 20
      },
      "firstRunHitCount": 10,
      "ttfr": {
        "coldTtfrMs": 17.766042,
        "warmTtfr": {
          "n": 19,
          "min": 14.196458,
          "median": 14.60475,
          "p90": 16.477375,
          "p95": 16.516333,
          "p99": 16.516333,
          "max": 16.516333,
          "mean": 15.095848684210527
        },
        "runs": 20
      }
    },
    {
      "id": "rare-term",
      "kind": "rare",
      "query": "phlogiston",
      "stats": {
        "coldMs": 2.575583,
        "warm": {
          "n": 19,
          "min": 1.21125,
          "median": 1.2515,
          "p90": 1.299333,
          "p95": 1.30525,
          "p99": 1.30525,
          "max": 1.30525,
          "mean": 1.2508882631578948
        },
        "all": {
          "n": 20,
          "min": 1.21125,
          "median": 1.2515,
          "p90": 1.299333,
          "p95": 1.30525,
          "p99": 2.575583,
          "max": 2.575583,
          "mean": 1.317123
        },
        "payloadBytesMean": 2792,
        "payloadTokensMean": 742,
        "runs": 20
      },
      "firstRunHitCount": 10,
      "ttfr": {
        "coldTtfrMs": 0.881458,
        "warmTtfr": {
          "n": 19,
          "min": 0.842375,
          "median": 0.8475,
          "p90": 0.868792,
          "p95": 0.87225,
          "p99": 0.87225,
          "max": 0.87225,
          "mean": 0.849785105263158
        },
        "runs": 20
      }
    }
  ],
  "read": {
    "small": {
      "path": "Encyclopedia/A/Anglesite.md",
      "stats": {
        "coldMs": 0.335542,
        "warm": {
          "n": 19,
          "min": 0.061334,
          "median": 0.071,
          "p90": 0.091792,
          "p95": 0.102791,
          "p99": 0.102791,
          "max": 0.102791,
          "mean": 0.07469526315789474
        },
        "all": {
          "n": 20,
          "min": 0.061334,
          "median": 0.071,
          "p90": 0.091792,
          "p95": 0.102791,
          "p99": 0.335542,
          "max": 0.335542,
          "mean": 0.0877376
        },
        "payloadBytesMean": 2043,
        "payloadTokensMean": 516,
        "runs": 20
      }
    },
    "large": {
      "path": "Encyclopedia/I/Italy.md",
      "stats": {
        "coldMs": 1.010708,
        "warm": {
          "n": 19,
          "min": 0.874209,
          "median": 0.896292,
          "p90": 0.93425,
          "p95": 0.964084,
          "p99": 0.964084,
          "max": 0.964084,
          "mean": 0.9023860000000001
        },
        "all": {
          "n": 20,
          "min": 0.874209,
          "median": 0.896292,
          "p90": 0.93425,
          "p95": 0.964084,
          "p99": 1.010708,
          "max": 1.010708,
          "mean": 0.9078021000000002
        },
        "payloadBytesMean": 800373,
        "payloadTokensMean": 192845,
        "runs": 20
      }
    }
  },
  "tools": {
    "list": {
      "coldMs": 0.321375,
      "warm": {
        "n": 19,
        "min": 0.032792,
        "median": 0.036667,
        "p90": 0.05225,
        "p95": 0.066,
        "p99": 0.066,
        "max": 0.066,
        "mean": 0.03974342105263158
      },
      "all": {
        "n": 20,
        "min": 0.032792,
        "median": 0.036667,
        "p90": 0.05225,
        "p95": 0.066,
        "p99": 0.321375,
        "max": 0.321375,
        "mean": 0.053825
      },
      "payloadBytesMean": 512,
      "payloadTokensMean": 129,
      "runs": 20
    },
    "listTags": null,
    "outline": null,
    "getBacklinks": null,
    "getLinks": null,
    "getPeriodicNote": null
  }
}