{
  "snapshotDate": "2026-06-26T03:13:17.585Z",
  "machine": {
    "platform": "darwin",
    "arch": "arm64",
    "node": "v25.9.0",
    "cpus": 16
  },
  "backend": {
    "name": "mcp-obsidian",
    "description": "mcp-obsidian (MarkusPfundstein, REST API, requires Obsidian running)"
  },
  "runs": 20,
  "rssBefore": 159006720,
  "rssPeak": 2304851968,
  "search": [
    {
      "id": "single-term",
      "kind": "single",
      "query": "church",
      "stats": {
        "coldMs": 126.1735,
        "warm": {
          "n": 19,
          "min": 89.576083,
          "median": 91.132459,
          "p90": 101.70775,
          "p95": 103.238458,
          "p99": 103.238458,
          "max": 103.238458,
          "mean": 92.60101752631579
        },
        "all": {
          "n": 20,
          "min": 89.576083,
          "median": 91.132459,
          "p90": 101.70775,
          "p95": 103.238458,
          "p99": 126.1735,
          "max": 126.1735,
          "mean": 94.27964165
        },
        "payloadBytesMean": 2570653,
        "payloadTokensMean": 658490,
        "runs": 20
      },
      "firstRunHitCount": 1091,
      "ttfr": null
    },
    {
      "id": "multi-term",
      "kind": "multi",
      "query": "Roman Empire",
      "stats": {
        "coldMs": 125.229958,
        "warm": {
          "n": 19,
          "min": 101.466125,
          "median": 105.189916,
          "p90": 109.352459,
          "p95": 121.095375,
          "p99": 121.095375,
          "max": 121.095375,
          "mean": 105.80724773684211
        },
        "all": {
          "n": 20,
          "min": 101.466125,
          "median": 105.189916,
          "p90": 109.352459,
          "p95": 121.095375,
          "p99": 125.229958,
          "max": 125.229958,
          "mean": 106.77838325
        },
        "payloadBytesMean": 1368508,
        "payloadTokensMean": 350537,
        "runs": 20
      },
      "firstRunHitCount": 223,
      "ttfr": null
    },
    {
      "id": "phrase",
      "kind": "phrase",
      "query": "the capital of",
      "stats": {
        "coldMs": 2794.445583,
        "warm": {
          "n": 19,
          "min": 2639.946458,
          "median": 2704.819083,
          "p90": 2761.966541,
          "p95": 2763.707584,
          "p99": 2763.707584,
          "max": 2763.707584,
          "mean": 2703.739094368421
        },
        "all": {
          "n": 20,
          "min": 2639.946458,
          "median": 2704.819083,
          "p90": 2761.966541,
          "p95": 2763.707584,
          "p99": 2794.445583,
          "max": 2794.445583,
          "mean": 2708.2744188
        },
        "payloadBytesMean": 185340322,
        "payloadTokensMean": 46564482,
        "runs": 20
      },
      "firstRunHitCount": 551,
      "ttfr": null
    },
    {
      "id": "rare-term",
      "kind": "rare",
      "query": "phlogiston",
      "stats": {
        "coldMs": 102.124,
        "warm": {
          "n": 19,
          "min": 52.28675,
          "median": 58.915208,
          "p90": 67.811875,
          "p95": 68.532291,
          "p99": 68.532291,
          "max": 68.532291,
          "mean": 59.21476742105263
        },
        "all": {
          "n": 20,
          "min": 52.28675,
          "median": 58.915208,
          "p90": 67.811875,
          "p95": 68.532291,
          "p99": 102.124,
          "max": 102.124,
          "mean": 61.36022905
        },
        "payloadBytesMean": 9570,
        "payloadTokensMean": 2336,
        "runs": 20
      },
      "firstRunHitCount": 3,
      "ttfr": null
    }
  ],
  "read": {
    "small": {
      "path": "Encyclopedia/H/Hoole.md",
      "stats": {
        "coldMs": 15.072542,
        "warm": {
          "n": 19,
          "min": 6.658541,
          "median": 8.4485,
          "p90": 9.928,
          "p95": 10.339875,
          "p99": 10.339875,
          "max": 10.339875,
          "mean": 8.415427473684211
        },
        "all": {
          "n": 20,
          "min": 6.658541,
          "median": 8.4485,
          "p90": 9.928,
          "p95": 10.339875,
          "p99": 15.072542,
          "max": 15.072542,
          "mean": 8.7482832
        },
        "payloadBytesMean": 2086,
        "payloadTokensMean": 632,
        "runs": 20
      }
    },
    "large": {
      "path": "Encyclopedia/I/Italy.md",
      "stats": {
        "coldMs": 11.866125,
        "warm": {
          "n": 19,
          "min": 11.053875,
          "median": 13.278167,
          "p90": 14.806167,
          "p95": 15.551459,
          "p99": 15.551459,
          "max": 15.551459,
          "mean": 13.122706157894736
        },
        "all": {
          "n": 20,
          "min": 11.053875,
          "median": 13.200833,
          "p90": 14.357625,
          "p95": 14.806167,
          "p99": 15.551459,
          "max": 15.551459,
          "mean": 13.0598771
        },
        "payloadBytesMean": 815726,
        "payloadTokensMean": 198444,
        "runs": 20
      }
    }
  },
  "tools": {
    "list": {
      "coldMs": 10.166583,
      "warm": {
        "n": 19,
        "min": 7.213375,
        "median": 8.024,
        "p90": 11.357042,
        "p95": 20.618041,
        "p99": 20.618041,
        "max": 20.618041,
        "mean": 9.036111789473686
      },
      "all": {
        "n": 20,
        "min": 7.213375,
        "median": 8.024,
        "p90": 10.328041,
        "p95": 11.357042,
        "p99": 20.618041,
        "max": 20.618041,
        "mean": 9.092635350000002
      },
      "payloadBytesMean": 245,
      "payloadTokensMean": 77,
      "runs": 20
    },
    "listTags": null,
    "outline": null,
    "getBacklinks": null,
    "getLinks": null,
    "getPeriodicNote": null
  }
}