{
  "snapshotDate": "2026-06-27T01:52:07.825Z",
  "machine": {
    "platform": "darwin",
    "arch": "arm64",
    "node": "v25.9.0",
    "cpus": 16
  },
  "backend": {
    "name": "mcpvault",
    "description": "mcpvault @bitbonsai (filesystem-direct, MCP stdio subprocess)"
  },
  "runs": 20,
  "rssBefore": 157876224,
  "rssPeak": 180420608,
  "search": [
    {
      "id": "single-term",
      "kind": "single",
      "query": "church",
      "stats": {
        "coldMs": 582.613708,
        "warm": {
          "n": 19,
          "min": 396.082417,
          "median": 422.704083,
          "p90": 435.19375,
          "p95": 437.144458,
          "p99": 437.144458,
          "max": 437.144458,
          "mean": 419.08941
        },
        "all": {
          "n": 20,
          "min": 396.082417,
          "median": 422.704083,
          "p90": 435.19375,
          "p95": 437.144458,
          "p99": 582.613708,
          "max": 582.613708,
          "mean": 427.2656249
        },
        "payloadBytesMean": 2368,
        "payloadTokensMean": 731,
        "runs": 20
      },
      "firstRunHitCount": 10,
      "ttfr": null
    },
    {
      "id": "multi-term",
      "kind": "multi",
      "query": "Roman Empire",
      "stats": {
        "coldMs": 536.032292,
        "warm": {
          "n": 19,
          "min": 505.210292,
          "median": 511.045208,
          "p90": 517.999333,
          "p95": 534.148417,
          "p99": 534.148417,
          "max": 534.148417,
          "mean": 512.3734714210527
        },
        "all": {
          "n": 20,
          "min": 505.210292,
          "median": 511.045208,
          "p90": 517.999333,
          "p95": 534.148417,
          "p99": 536.032292,
          "max": 536.032292,
          "mean": 513.55641245
        },
        "payloadBytesMean": 2524,
        "payloadTokensMean": 797,
        "runs": 20
      },
      "firstRunHitCount": 10,
      "ttfr": null
    },
    {
      "id": "phrase",
      "kind": "phrase",
      "query": "the capital of",
      "stats": {
        "coldMs": 527.58775,
        "warm": {
          "n": 19,
          "min": 526.595,
          "median": 534.331917,
          "p90": 552.628125,
          "p95": 568.863459,
          "p99": 568.863459,
          "max": 568.863459,
          "mean": 537.0672500526316
        },
        "all": {
          "n": 20,
          "min": 526.595,
          "median": 532.477834,
          "p90": 550.380625,
          "p95": 552.628125,
          "p99": 568.863459,
          "max": 568.863459,
          "mean": 536.5932750499999
        },
        "payloadBytesMean": 2350,
        "payloadTokensMean": 780,
        "runs": 20
      },
      "firstRunHitCount": 10,
      "ttfr": null
    },
    {
      "id": "rare-term",
      "kind": "rare",
      "query": "phlogiston",
      "stats": {
        "coldMs": 396.875625,
        "warm": {
          "n": 19,
          "min": 395.967166,
          "median": 400.429958,
          "p90": 416.625125,
          "p95": 426.232208,
          "p99": 426.232208,
          "max": 426.232208,
          "mean": 403.267938631579
        },
        "all": {
          "n": 20,
          "min": 395.967166,
          "median": 399.763709,
          "p90": 413.374584,
          "p95": 416.625125,
          "p99": 426.232208,
          "max": 426.232208,
          "mean": 402.94832295000003
        },
        "payloadBytesMean": 684,
        "payloadTokensMean": 216,
        "runs": 20
      },
      "firstRunHitCount": 3,
      "ttfr": null
    }
  ],
  "read": {
    "small": {
      "path": "Encyclopedia/H/Hoole.md",
      "stats": {
        "coldMs": 1.352875,
        "warm": {
          "n": 19,
          "min": 0.247417,
          "median": 0.296459,
          "p90": 0.367958,
          "p95": 0.393625,
          "p99": 0.393625,
          "max": 0.393625,
          "mean": 0.30139047368421046
        },
        "all": {
          "n": 20,
          "min": 0.247417,
          "median": 0.296459,
          "p90": 0.367958,
          "p95": 0.393625,
          "p99": 1.352875,
          "max": 1.352875,
          "mean": 0.35396469999999997
        },
        "payloadBytesMean": 2102,
        "payloadTokensMean": 636,
        "runs": 20
      }
    },
    "large": {
      "path": "Encyclopedia/I/Italy.md",
      "stats": {
        "coldMs": 8.369584,
        "warm": {
          "n": 19,
          "min": 4.93275,
          "median": 5.250542,
          "p90": 5.552042,
          "p95": 6.757166,
          "p99": 6.757166,
          "max": 6.757166,
          "mean": 5.30584652631579
        },
        "all": {
          "n": 20,
          "min": 4.93275,
          "median": 5.250542,
          "p90": 5.552042,
          "p95": 6.757166,
          "p99": 8.369584,
          "max": 8.369584,
          "mean": 5.459033400000001
        },
        "payloadBytesMean": 813668,
        "payloadTokensMean": 196790,
        "runs": 20
      }
    }
  },
  "tools": {
    "list": {
      "coldMs": 0.821792,
      "warm": {
        "n": 19,
        "min": 0.229541,
        "median": 0.273791,
        "p90": 0.351458,
        "p95": 0.35725,
        "p99": 0.35725,
        "max": 0.35725,
        "mean": 0.281921
      },
      "all": {
        "n": 20,
        "min": 0.229541,
        "median": 0.273791,
        "p90": 0.351458,
        "p95": 0.35725,
        "p99": 0.821792,
        "max": 0.821792,
        "mean": 0.30891455
      },
      "payloadBytesMean": 165,
      "payloadTokensMean": 41,
      "runs": 20
    },
    "listTags": null,
    "outline": null,
    "getBacklinks": null,
    "getLinks": null,
    "getPeriodicNote": null
  }
}