{
  "snapshotDate": "2026-06-26T01:55:35.007Z",
  "machine": {
    "platform": "darwin",
    "arch": "arm64",
    "node": "v25.9.0",
    "cpus": 16
  },
  "backend": {
    "name": "mcpvault",
    "description": "mcpvault @bitbonsai (filesystem-direct, MCP stdio subprocess)"
  },
  "runs": 10,
  "rssBefore": 157876224,
  "rssPeak": 178028544,
  "search": [
    {
      "id": "single-term",
      "kind": "single",
      "query": "church",
      "stats": {
        "coldMs": 464.135625,
        "warm": {
          "n": 9,
          "min": 420.557083,
          "median": 424.557958,
          "p90": 448.185916,
          "p95": 448.185916,
          "p99": 448.185916,
          "max": 448.185916,
          "mean": 429.58862477777774
        },
        "all": {
          "n": 10,
          "min": 420.557083,
          "median": 424.557958,
          "p90": 448.185916,
          "p95": 464.135625,
          "p99": 464.135625,
          "max": 464.135625,
          "mean": 433.04332479999994
        },
        "payloadBytesMean": 2368,
        "payloadTokensMean": 731,
        "runs": 10
      },
      "firstRunHitCount": 10,
      "ttfr": null
    },
    {
      "id": "multi-term",
      "kind": "multi",
      "query": "Roman Empire",
      "stats": {
        "coldMs": 548.233291,
        "warm": {
          "n": 9,
          "min": 505.175542,
          "median": 516.980791,
          "p90": 542.182,
          "p95": 542.182,
          "p99": 542.182,
          "max": 542.182,
          "mean": 518.6983795555556
        },
        "all": {
          "n": 10,
          "min": 505.175542,
          "median": 516.980791,
          "p90": 542.182,
          "p95": 548.233291,
          "p99": 548.233291,
          "max": 548.233291,
          "mean": 521.6518706999999
        },
        "payloadBytesMean": 2524,
        "payloadTokensMean": 797,
        "runs": 10
      },
      "firstRunHitCount": 10,
      "ttfr": null
    },
    {
      "id": "phrase",
      "kind": "phrase",
      "query": "the capital of",
      "stats": {
        "coldMs": 528.110083,
        "warm": {
          "n": 9,
          "min": 525.808667,
          "median": 528.930875,
          "p90": 534.6085,
          "p95": 534.6085,
          "p99": 534.6085,
          "max": 534.6085,
          "mean": 529.267463
        },
        "all": {
          "n": 10,
          "min": 525.808667,
          "median": 528.173459,
          "p90": 532.836041,
          "p95": 534.6085,
          "p99": 534.6085,
          "max": 534.6085,
          "mean": 529.151725
        },
        "payloadBytesMean": 2350,
        "payloadTokensMean": 780,
        "runs": 10
      },
      "firstRunHitCount": 10,
      "ttfr": null
    },
    {
      "id": "rare-term",
      "kind": "rare",
      "query": "phlogiston",
      "stats": {
        "coldMs": 396.762792,
        "warm": {
          "n": 9,
          "min": 391.460375,
          "median": 393.743667,
          "p90": 403.35225,
          "p95": 403.35225,
          "p99": 403.35225,
          "max": 403.35225,
          "mean": 395.15518066666664
        },
        "all": {
          "n": 10,
          "min": 391.460375,
          "median": 393.743667,
          "p90": 399.957584,
          "p95": 403.35225,
          "p99": 403.35225,
          "max": 403.35225,
          "mean": 395.3159418
        },
        "payloadBytesMean": 684,
        "payloadTokensMean": 216,
        "runs": 10
      },
      "firstRunHitCount": 3,
      "ttfr": null
    }
  ],
  "read": {
    "small": {
      "path": "Encyclopedia/H/Hoole.md",
      "stats": {
        "coldMs": 1.175708,
        "warm": {
          "n": 9,
          "min": 0.27525,
          "median": 0.314333,
          "p90": 0.407583,
          "p95": 0.407583,
          "p99": 0.407583,
          "max": 0.407583,
          "mean": 0.3255416666666667
        },
        "all": {
          "n": 10,
          "min": 0.27525,
          "median": 0.314333,
          "p90": 0.407583,
          "p95": 1.175708,
          "p99": 1.175708,
          "max": 1.175708,
          "mean": 0.41055830000000004
        },
        "payloadBytesMean": 2102,
        "payloadTokensMean": 636,
        "runs": 10
      }
    },
    "large": {
      "path": "Encyclopedia/I/Italy.md",
      "stats": {
        "coldMs": 8.358833,
        "warm": {
          "n": 9,
          "min": 5.046208,
          "median": 5.320375,
          "p90": 5.694333,
          "p95": 5.694333,
          "p99": 5.694333,
          "max": 5.694333,
          "mean": 5.316448888888889
        },
        "all": {
          "n": 10,
          "min": 5.046208,
          "median": 5.320375,
          "p90": 5.694333,
          "p95": 8.358833,
          "p99": 8.358833,
          "max": 8.358833,
          "mean": 5.6206873
        },
        "payloadBytesMean": 813668,
        "payloadTokensMean": 196790,
        "runs": 10
      }
    }
  },
  "tools": {
    "list": {
      "coldMs": 2.886958,
      "warm": {
        "n": 9,
        "min": 0.241584,
        "median": 0.280666,
        "p90": 0.5275,
        "p95": 0.5275,
        "p99": 0.5275,
        "max": 0.5275,
        "mean": 0.3055092222222222
      },
      "all": {
        "n": 10,
        "min": 0.241584,
        "median": 0.280666,
        "p90": 0.5275,
        "p95": 2.886958,
        "p99": 2.886958,
        "max": 2.886958,
        "mean": 0.5636540999999999
      },
      "payloadBytesMean": 165,
      "payloadTokensMean": 41,
      "runs": 10
    },
    "listTags": null,
    "outline": null,
    "getBacklinks": null,
    "getLinks": null,
    "getPeriodicNote": null
  }
}