{
  "snapshotDate": "2026-06-26T02:53:02.478Z",
  "machine": {
    "platform": "darwin",
    "arch": "arm64",
    "node": "v25.9.0",
    "cpus": 16
  },
  "backend": {
    "name": "obsidian-mcp",
    "description": "obsidian-mcp (StevenStavrakis, filesystem-direct, no Obsidian required)"
  },
  "runs": 5,
  "rssBefore": 157810688,
  "rssPeak": 176160768,
  "search": [
    {
      "id": "single-term",
      "kind": "single",
      "query": "church",
      "stats": {
        "coldMs": 454.684542,
        "warm": {
          "n": 4,
          "min": 405.168334,
          "median": 411.041208,
          "p90": 439.59775,
          "p95": 439.59775,
          "p99": 439.59775,
          "max": 439.59775,
          "mean": 418.77217725
        },
        "all": {
          "n": 5,
          "min": 405.168334,
          "median": 419.281417,
          "p90": 454.684542,
          "p95": 454.684542,
          "p99": 454.684542,
          "max": 454.684542,
          "mean": 425.9546502
        },
        "payloadBytesMean": 393442,
        "payloadTokensMean": 104492,
        "runs": 5
      },
      "firstRunHitCount": 0,
      "ttfr": null
    },
    {
      "id": "multi-term",
      "kind": "multi",
      "query": "Roman Empire",
      "stats": {
        "coldMs": 432.381875,
        "warm": {
          "n": 4,
          "min": 404.339292,
          "median": 407.024666,
          "p90": 417.084625,
          "p95": 417.084625,
          "p99": 417.084625,
          "max": 417.084625,
          "mean": 408.92214575
        },
        "all": {
          "n": 5,
          "min": 404.339292,
          "median": 407.24,
          "p90": 432.381875,
          "p95": 432.381875,
          "p99": 432.381875,
          "max": 432.381875,
          "mean": 413.61409160000005
        },
        "payloadBytesMean": 11130,
        "payloadTokensMean": 3034,
        "runs": 5
      },
      "firstRunHitCount": 0,
      "ttfr": null
    },
    {
      "id": "phrase",
      "kind": "phrase",
      "query": "the capital of",
      "stats": {
        "coldMs": 409.492958,
        "warm": {
          "n": 4,
          "min": 407.733458,
          "median": 408.36925,
          "p90": 416.793792,
          "p95": 416.793792,
          "p99": 416.793792,
          "max": 416.793792,
          "mean": 412.34409374999996
        },
        "all": {
          "n": 5,
          "min": 407.733458,
          "median": 409.492958,
          "p90": 416.793792,
          "p95": 416.793792,
          "p99": 416.793792,
          "max": 416.793792,
          "mean": 411.7738666
        },
        "payloadBytesMean": 23020,
        "payloadTokensMean": 6719,
        "runs": 5
      },
      "firstRunHitCount": 0,
      "ttfr": null
    },
    {
      "id": "rare-term",
      "kind": "rare",
      "query": "phlogiston",
      "stats": {
        "coldMs": 389.58975,
        "warm": {
          "n": 4,
          "min": 386.767167,
          "median": 392.902375,
          "p90": 398.09425,
          "p95": 398.09425,
          "p99": 398.09425,
          "max": 398.09425,
          "mean": 392.90049999999997
        },
        "all": {
          "n": 5,
          "min": 386.767167,
          "median": 392.902375,
          "p90": 398.09425,
          "p95": 398.09425,
          "p99": 398.09425,
          "max": 398.09425,
          "mean": 392.23834999999997
        },
        "payloadBytesMean": 1488,
        "payloadTokensMean": 389,
        "runs": 5
      },
      "firstRunHitCount": 0,
      "ttfr": null
    }
  ],
  "read": {
    "small": {
      "path": "Encyclopedia/H/Hoole.md",
      "stats": {
        "coldMs": 0.648125,
        "warm": {
          "n": 4,
          "min": 0.200875,
          "median": 0.226584,
          "p90": 0.241167,
          "p95": 0.241167,
          "p99": 0.241167,
          "max": 0.241167,
          "mean": 0.22529200000000002
        },
        "all": {
          "n": 5,
          "min": 0.200875,
          "median": 0.232542,
          "p90": 0.648125,
          "p95": 0.648125,
          "p99": 0.648125,
          "max": 0.648125,
          "mean": 0.3098586
        },
        "payloadBytesMean": 2166,
        "payloadTokensMean": 635,
        "runs": 5
      }
    },
    "large": {
      "path": "Encyclopedia/I/Italy.md",
      "stats": {
        "coldMs": 3.668792,
        "warm": {
          "n": 4,
          "min": 3.530208,
          "median": 3.602041,
          "p90": 3.749584,
          "p95": 3.749584,
          "p99": 3.749584,
          "max": 3.749584,
          "mean": 3.65262475
        },
        "all": {
          "n": 5,
          "min": 3.530208,
          "median": 3.668792,
          "p90": 3.749584,
          "p95": 3.749584,
          "p99": 3.749584,
          "max": 3.749584,
          "mean": 3.6558582
        },
        "payloadBytesMean": 800505,
        "payloadTokensMean": 192878,
        "runs": 5
      }
    }
  },
  "tools": {
    "list": {
      "coldMs": 0.46975,
      "warm": {
        "n": 4,
        "min": 0.08625,
        "median": 0.101875,
        "p90": 0.145792,
        "p95": 0.145792,
        "p99": 0.145792,
        "max": 0.145792,
        "mean": 0.10971875
      },
      "all": {
        "n": 5,
        "min": 0.08625,
        "median": 0.104958,
        "p90": 0.46975,
        "p95": 0.46975,
        "p99": 0.46975,
        "max": 0.46975,
        "mean": 0.181725
      },
      "payloadBytesMean": 30,
      "payloadTokensMean": 10,
      "runs": 5
    },
    "listTags": null,
    "outline": null,
    "getBacklinks": null,
    "getLinks": null,
    "getPeriodicNote": null
  }
}