{
  "snapshotDate": "2026-06-26T03:11:51.566Z",
  "machine": {
    "platform": "darwin",
    "arch": "arm64",
    "node": "v25.9.0",
    "cpus": 16
  },
  "backend": {
    "name": "rest",
    "description": "Obsidian Local REST API plugin (HTTP round-trip)"
  },
  "runs": 20,
  "rssBefore": 154107904,
  "rssPeak": 2039775232,
  "search": [
    {
      "id": "single-term",
      "kind": "single",
      "query": "church",
      "stats": {
        "coldMs": 591.484209,
        "warm": {
          "n": 19,
          "min": 58.529958,
          "median": 61.1085,
          "p90": 62.8135,
          "p95": 74.955583,
          "p99": 74.955583,
          "max": 74.955583,
          "mean": 61.489960368421045
        },
        "all": {
          "n": 20,
          "min": 58.529958,
          "median": 61.1085,
          "p90": 62.8135,
          "p95": 74.955583,
          "p99": 591.484209,
          "max": 591.484209,
          "mean": 87.9896728
        },
        "payloadBytesMean": 1744157,
        "payloadTokensMean": 455614,
        "runs": 20
      },
      "firstRunHitCount": 1091,
      "ttfr": null
    },
    {
      "id": "multi-term",
      "kind": "multi",
      "query": "Roman Empire",
      "stats": {
        "coldMs": 105.309666,
        "warm": {
          "n": 19,
          "min": 77.385125,
          "median": 79.577417,
          "p90": 83.0055,
          "p95": 92.076792,
          "p99": 92.076792,
          "max": 92.076792,
          "mean": 80.082375
        },
        "all": {
          "n": 20,
          "min": 77.385125,
          "median": 79.577417,
          "p90": 83.0055,
          "p95": 92.076792,
          "p99": 105.309666,
          "max": 105.309666,
          "mean": 81.34373955000001
        },
        "payloadBytesMean": 916509,
        "payloadTokensMean": 238229,
        "runs": 20
      },
      "firstRunHitCount": 223,
      "ttfr": null
    },
    {
      "id": "phrase",
      "kind": "phrase",
      "query": "the capital of",
      "stats": {
        "coldMs": 975.836125,
        "warm": {
          "n": 19,
          "min": 904.541167,
          "median": 918.24425,
          "p90": 952.187167,
          "p95": 963.69625,
          "p99": 963.69625,
          "max": 963.69625,
          "mean": 921.9769122631578
        },
        "all": {
          "n": 20,
          "min": 904.541167,
          "median": 918.24425,
          "p90": 952.187167,
          "p95": 963.69625,
          "p99": 975.836125,
          "max": 975.836125,
          "mean": 924.6698729
        },
        "payloadBytesMean": 122627117,
        "payloadTokensMean": 31344036,
        "runs": 20
      },
      "firstRunHitCount": 551,
      "ttfr": null
    },
    {
      "id": "rare-term",
      "kind": "rare",
      "query": "phlogiston",
      "stats": {
        "coldMs": 78.19,
        "warm": {
          "n": 19,
          "min": 41.393625,
          "median": 44.736625,
          "p90": 53.927792,
          "p95": 54.559333,
          "p99": 54.559333,
          "max": 54.559333,
          "mean": 47.29877405263158
        },
        "all": {
          "n": 20,
          "min": 41.393625,
          "median": 44.736625,
          "p90": 53.927792,
          "p95": 54.559333,
          "p99": 78.19,
          "max": 78.19,
          "mean": 48.84333535
        },
        "payloadBytesMean": 6473,
        "payloadTokensMean": 1672,
        "runs": 20
      },
      "firstRunHitCount": 3,
      "ttfr": null
    }
  ],
  "read": {
    "small": {
      "path": "Encyclopedia/H/Hoole.md",
      "stats": {
        "coldMs": 2.128791,
        "warm": {
          "n": 19,
          "min": 0.489708,
          "median": 0.646416,
          "p90": 1.01925,
          "p95": 1.186667,
          "p99": 1.186667,
          "max": 1.186667,
          "mean": 0.6886161578947368
        },
        "all": {
          "n": 20,
          "min": 0.489708,
          "median": 0.646416,
          "p90": 1.01925,
          "p95": 1.186667,
          "p99": 2.128791,
          "max": 2.128791,
          "mean": 0.7606249
        },
        "payloadBytesMean": 2035,
        "payloadTokensMean": 600,
        "runs": 20
      }
    },
    "large": {
      "path": "Encyclopedia/I/Italy.md",
      "stats": {
        "coldMs": 5.088291,
        "warm": {
          "n": 19,
          "min": 2.189791,
          "median": 2.886042,
          "p90": 5.564542,
          "p95": 5.579417,
          "p99": 5.579417,
          "max": 5.579417,
          "mean": 3.145719368421053
        },
        "all": {
          "n": 20,
          "min": 2.189791,
          "median": 2.886042,
          "p90": 5.088291,
          "p95": 5.564542,
          "p99": 5.579417,
          "max": 5.579417,
          "mean": 3.2428479500000003
        },
        "payloadBytesMean": 800374,
        "payloadTokensMean": 192844,
        "runs": 20
      }
    }
  },
  "tools": {
    "list": {
      "coldMs": 3.394542,
      "warm": {
        "n": 19,
        "min": 0.749583,
        "median": 0.94275,
        "p90": 1.633583,
        "p95": 1.98425,
        "p99": 1.98425,
        "max": 1.98425,
        "mean": 1.019430052631579
      },
      "all": {
        "n": 20,
        "min": 0.749583,
        "median": 0.94275,
        "p90": 1.633583,
        "p95": 1.98425,
        "p99": 3.394542,
        "max": 3.394542,
        "mean": 1.13818565
      },
      "payloadBytesMean": 292,
      "payloadTokensMean": 84,
      "runs": 20
    },
    "listTags": null,
    "outline": null,
    "getBacklinks": null,
    "getLinks": null,
    "getPeriodicNote": null
  }
}