{
  "snapshotDate": "2026-06-27T01:50:08.601Z",
  "machine": {
    "platform": "darwin",
    "arch": "arm64",
    "node": "v25.9.0",
    "cpus": 16
  },
  "backend": {
    "name": "fs",
    "description": "Filesystem-direct (MiniSearch in-process, no HTTP round-trip)"
  },
  "runs": 20,
  "rssBefore": 538624000,
  "rssPeak": 720486400,
  "search": [
    {
      "id": "single-term",
      "kind": "single",
      "query": "church",
      "stats": {
        "coldMs": 3.339958,
        "warm": {
          "n": 19,
          "min": 0.801,
          "median": 0.866791,
          "p90": 1.211709,
          "p95": 1.281584,
          "p99": 1.281584,
          "max": 1.281584,
          "mean": 0.9550286842105262
        },
        "all": {
          "n": 20,
          "min": 0.801,
          "median": 0.866791,
          "p90": 1.211709,
          "p95": 1.281584,
          "p99": 3.339958,
          "max": 3.339958,
          "mean": 1.0742751499999998
        },
        "payloadBytesMean": 2807,
        "payloadTokensMean": 758,
        "runs": 20
      },
      "firstRunHitCount": 10,
      "ttfr": {
        "coldTtfrMs": 0.811,
        "warmTtfr": {
          "n": 19,
          "min": 0.518917,
          "median": 0.577291,
          "p90": 0.608417,
          "p95": 2.41,
          "p99": 2.41,
          "max": 2.41,
          "mean": 0.6637895263157894
        },
        "runs": 20
      }
    },
    {
      "id": "multi-term",
      "kind": "multi",
      "query": "Roman Empire",
      "stats": {
        "coldMs": 4.409291,
        "warm": {
          "n": 19,
          "min": 2.180958,
          "median": 2.510833,
          "p90": 4.329416,
          "p95": 7.944167,
          "p99": 7.944167,
          "max": 7.944167,
          "mean": 3.228793789473684
        },
        "all": {
          "n": 20,
          "min": 2.180958,
          "median": 2.510833,
          "p90": 4.329416,
          "p95": 4.409291,
          "p99": 7.944167,
          "max": 7.944167,
          "mean": 3.2878186499999997
        },
        "payloadBytesMean": 2803,
        "payloadTokensMean": 769,
        "runs": 20
      },
      "firstRunHitCount": 10,
      "ttfr": {
        "coldTtfrMs": 1.235166,
        "warmTtfr": {
          "n": 19,
          "min": 0.996208,
          "median": 1.051959,
          "p90": 1.118,
          "p95": 1.121916,
          "p99": 1.121916,
          "max": 1.121916,
          "mean": 1.0544496842105262
        },
        "runs": 20
      }
    },
    {
      "id": "phrase",
      "kind": "phrase",
      "query": "the capital of",
      "stats": {
        "coldMs": 18.747041,
        "warm": {
          "n": 19,
          "min": 9.3305,
          "median": 9.830167,
          "p90": 15.300375,
          "p95": 16.824417,
          "p99": 16.824417,
          "max": 16.824417,
          "mean": 10.662412263157897
        },
        "all": {
          "n": 20,
          "min": 9.3305,
          "median": 9.830167,
          "p90": 15.300375,
          "p95": 16.824417,
          "p99": 18.747041,
          "max": 18.747041,
          "mean": 11.066643700000002
        },
        "payloadBytesMean": 2817,
        "payloadTokensMean": 771,
        "runs": 20
      },
      "firstRunHitCount": 10,
      "ttfr": {
        "coldTtfrMs": 15.119292,
        "warmTtfr": {
          "n": 19,
          "min": 7.813458,
          "median": 8.431666,
          "p90": 14.261708,
          "p95": 14.569375,
          "p99": 14.569375,
          "max": 14.569375,
          "mean": 9.063605157894736
        },
        "runs": 20
      }
    },
    {
      "id": "rare-term",
      "kind": "rare",
      "query": "phlogiston",
      "stats": {
        "coldMs": 1.740083,
        "warm": {
          "n": 19,
          "min": 0.769,
          "median": 0.796709,
          "p90": 0.886833,
          "p95": 0.897375,
          "p99": 0.897375,
          "max": 0.897375,
          "mean": 0.8122652105263157
        },
        "all": {
          "n": 20,
          "min": 0.769,
          "median": 0.796709,
          "p90": 0.886833,
          "p95": 0.897375,
          "p99": 1.740083,
          "max": 1.740083,
          "mean": 0.8586560999999999
        },
        "payloadBytesMean": 1093,
        "payloadTokensMean": 301,
        "runs": 20
      },
      "firstRunHitCount": 4,
      "ttfr": {
        "coldTtfrMs": 0.811166,
        "warmTtfr": {
          "n": 19,
          "min": 0.701834,
          "median": 0.725584,
          "p90": 0.777,
          "p95": 0.7785,
          "p99": 0.7785,
          "max": 0.7785,
          "mean": 0.7310899999999998
        },
        "runs": 20
      }
    }
  ],
  "read": {
    "small": {
      "path": "Encyclopedia/H/Hoole.md",
      "stats": {
        "coldMs": 5.423292,
        "warm": {
          "n": 19,
          "min": 0.058084,
          "median": 0.072792,
          "p90": 0.110834,
          "p95": 0.159792,
          "p99": 0.159792,
          "max": 0.159792,
          "mean": 0.07864047368421052
        },
        "all": {
          "n": 20,
          "min": 0.058084,
          "median": 0.072792,
          "p90": 0.110834,
          "p95": 0.159792,
          "p99": 5.423292,
          "max": 5.423292,
          "mean": 0.34587304999999996
        },
        "payloadBytesMean": 2035,
        "payloadTokensMean": 600,
        "runs": 20
      }
    },
    "large": {
      "path": "Encyclopedia/I/Italy.md",
      "stats": {
        "coldMs": 1.018792,
        "warm": {
          "n": 19,
          "min": 0.876916,
          "median": 0.935584,
          "p90": 0.975209,
          "p95": 1.118708,
          "p99": 1.118708,
          "max": 1.118708,
          "mean": 0.9416162631578948
        },
        "all": {
          "n": 20,
          "min": 0.876916,
          "median": 0.935584,
          "p90": 0.975209,
          "p95": 1.018792,
          "p99": 1.118708,
          "max": 1.118708,
          "mean": 0.9454750500000001
        },
        "payloadBytesMean": 800374,
        "payloadTokensMean": 192844,
        "runs": 20
      }
    }
  },
  "tools": {
    "list": {
      "coldMs": 0.34275,
      "warm": {
        "n": 19,
        "min": 0.034416,
        "median": 0.040917,
        "p90": 0.056958,
        "p95": 0.0815,
        "p99": 0.0815,
        "max": 0.0815,
        "mean": 0.043381789473684214
      },
      "all": {
        "n": 20,
        "min": 0.034416,
        "median": 0.040917,
        "p90": 0.056958,
        "p95": 0.0815,
        "p99": 0.34275,
        "max": 0.34275,
        "mean": 0.0583502
      },
      "payloadBytesMean": 512,
      "payloadTokensMean": 129,
      "runs": 20
    },
    "listTags": null,
    "outline": null,
    "getBacklinks": null,
    "getLinks": null,
    "getPeriodicNote": null
  }
}