{
  "snapshotDate": "2026-06-27T01:53:27.110Z",
  "machine": {
    "platform": "darwin",
    "arch": "arm64",
    "node": "v25.9.0",
    "cpus": 16
  },
  "backend": {
    "name": "mcpvault",
    "description": "mcpvault @bitbonsai (filesystem-direct, MCP stdio subprocess)"
  },
  "runs": 20,
  "rssBefore": 157138944,
  "rssPeak": 178470912,
  "search": [
    {
      "id": "single-term",
      "kind": "single",
      "query": "church",
      "stats": {
        "coldMs": 1204.920708,
        "warm": {
          "n": 19,
          "min": 817.605583,
          "median": 833.321958,
          "p90": 887.822667,
          "p95": 891.344708,
          "p99": 891.344708,
          "max": 891.344708,
          "mean": 849.1243069999999
        },
        "all": {
          "n": 20,
          "min": 817.605583,
          "median": 833.321958,
          "p90": 887.822667,
          "p95": 891.344708,
          "p99": 1204.920708,
          "max": 1204.920708,
          "mean": 866.91412705
        },
        "payloadBytesMean": 2371,
        "payloadTokensMean": 714,
        "runs": 20
      },
      "firstRunHitCount": 10,
      "ttfr": null
    },
    {
      "id": "multi-term",
      "kind": "multi",
      "query": "Roman Empire",
      "stats": {
        "coldMs": 1119.96775,
        "warm": {
          "n": 19,
          "min": 1053.516625,
          "median": 1060.903041,
          "p90": 1069.361541,
          "p95": 1072.427625,
          "p99": 1072.427625,
          "max": 1072.427625,
          "mean": 1061.7026818421052
        },
        "all": {
          "n": 20,
          "min": 1053.516625,
          "median": 1060.903041,
          "p90": 1069.361541,
          "p95": 1072.427625,
          "p99": 1119.96775,
          "max": 1119.96775,
          "mean": 1064.61593525
        },
        "payloadBytesMean": 2299,
        "payloadTokensMean": 711,
        "runs": 20
      },
      "firstRunHitCount": 10,
      "ttfr": null
    },
    {
      "id": "phrase",
      "kind": "phrase",
      "query": "the capital of",
      "stats": {
        "coldMs": 1099.275083,
        "warm": {
          "n": 19,
          "min": 1096.691541,
          "median": 1106.709208,
          "p90": 1149.138958,
          "p95": 1153.44125,
          "p99": 1153.44125,
          "max": 1153.44125,
          "mean": 1114.3840415789473
        },
        "all": {
          "n": 20,
          "min": 1096.691541,
          "median": 1104.99475,
          "p90": 1141.928708,
          "p95": 1149.138958,
          "p99": 1153.44125,
          "max": 1153.44125,
          "mean": 1113.62859365
        },
        "payloadBytesMean": 2257,
        "payloadTokensMean": 745,
        "runs": 20
      },
      "firstRunHitCount": 10,
      "ttfr": null
    },
    {
      "id": "rare-term",
      "kind": "rare",
      "query": "phlogiston",
      "stats": {
        "coldMs": 824.613708,
        "warm": {
          "n": 19,
          "min": 822.931334,
          "median": 831.587084,
          "p90": 868.099542,
          "p95": 876.396625,
          "p99": 876.396625,
          "max": 876.396625,
          "mean": 837.8166448947368
        },
        "all": {
          "n": 20,
          "min": 822.931334,
          "median": 830.626041,
          "p90": 857.929709,
          "p95": 868.099542,
          "p99": 876.396625,
          "max": 876.396625,
          "mean": 837.1564980500001
        },
        "payloadBytesMean": 2129,
        "payloadTokensMean": 650,
        "runs": 20
      },
      "firstRunHitCount": 9,
      "ttfr": null
    }
  ],
  "read": {
    "small": {
      "path": "Encyclopedia/A/Anglesite.md",
      "stats": {
        "coldMs": 1.26475,
        "warm": {
          "n": 19,
          "min": 0.257917,
          "median": 0.304333,
          "p90": 0.392583,
          "p95": 0.395334,
          "p99": 0.395334,
          "max": 0.395334,
          "mean": 0.30609873684210526
        },
        "all": {
          "n": 20,
          "min": 0.257917,
          "median": 0.304333,
          "p90": 0.392583,
          "p95": 0.395334,
          "p99": 1.26475,
          "max": 1.26475,
          "mean": 0.3540313
        },
        "payloadBytesMean": 2105,
        "payloadTokensMean": 542,
        "runs": 20
      }
    },
    "large": {
      "path": "Encyclopedia/I/Italy.md",
      "stats": {
        "coldMs": 8.418791,
        "warm": {
          "n": 19,
          "min": 4.925583,
          "median": 5.3045,
          "p90": 7.056166,
          "p95": 7.184166,
          "p99": 7.184166,
          "max": 7.184166,
          "mean": 5.468885894736843
        },
        "all": {
          "n": 20,
          "min": 4.925583,
          "median": 5.3045,
          "p90": 7.056166,
          "p95": 7.184166,
          "p99": 8.418791,
          "max": 8.418791,
          "mean": 5.6163811500000005
        },
        "payloadBytesMean": 813667,
        "payloadTokensMean": 196791,
        "runs": 20
      }
    }
  },
  "tools": {
    "list": {
      "coldMs": 3.13575,
      "warm": {
        "n": 19,
        "min": 0.234834,
        "median": 0.316125,
        "p90": 0.407666,
        "p95": 0.606917,
        "p99": 0.606917,
        "max": 0.606917,
        "mean": 0.3237435263157894
      },
      "all": {
        "n": 20,
        "min": 0.234834,
        "median": 0.316125,
        "p90": 0.407666,
        "p95": 0.606917,
        "p99": 3.13575,
        "max": 3.13575,
        "mean": 0.46434384999999995
      },
      "payloadBytesMean": 165,
      "payloadTokensMean": 41,
      "runs": 20
    },
    "listTags": null,
    "outline": null,
    "getBacklinks": null,
    "getLinks": null,
    "getPeriodicNote": null
  }
}