{
  "snapshotDate": "2026-06-26T01:57:11.836Z",
  "machine": {
    "platform": "darwin",
    "arch": "arm64",
    "node": "v25.9.0",
    "cpus": 16
  },
  "backend": {
    "name": "mcpvault",
    "description": "mcpvault @bitbonsai (filesystem-direct, MCP stdio subprocess)"
  },
  "runs": 10,
  "rssBefore": 157925376,
  "rssPeak": 169476096,
  "search": [
    {
      "id": "single-term",
      "kind": "single",
      "query": "church",
      "stats": {
        "coldMs": 947.782583,
        "warm": {
          "n": 9,
          "min": 829.588125,
          "median": 870.657416,
          "p90": 914.630833,
          "p95": 914.630833,
          "p99": 914.630833,
          "max": 914.630833,
          "mean": 873.6483843333334
        },
        "all": {
          "n": 10,
          "min": 829.588125,
          "median": 870.657416,
          "p90": 914.630833,
          "p95": 947.782583,
          "p99": 947.782583,
          "max": 947.782583,
          "mean": 881.0618042
        },
        "payloadBytesMean": 2371,
        "payloadTokensMean": 714,
        "runs": 10
      },
      "firstRunHitCount": 10,
      "ttfr": null
    },
    {
      "id": "multi-term",
      "kind": "multi",
      "query": "Roman Empire",
      "stats": {
        "coldMs": 1200.529917,
        "warm": {
          "n": 9,
          "min": 1030.656458,
          "median": 1073.255834,
          "p90": 1182.315292,
          "p95": 1182.315292,
          "p99": 1182.315292,
          "max": 1182.315292,
          "mean": 1094.6418612222221
        },
        "all": {
          "n": 10,
          "min": 1030.656458,
          "median": 1073.255834,
          "p90": 1182.315292,
          "p95": 1200.529917,
          "p99": 1200.529917,
          "max": 1200.529917,
          "mean": 1105.2306667999999
        },
        "payloadBytesMean": 2299,
        "payloadTokensMean": 711,
        "runs": 10
      },
      "firstRunHitCount": 10,
      "ttfr": null
    },
    {
      "id": "phrase",
      "kind": "phrase",
      "query": "the capital of",
      "stats": {
        "coldMs": 1198.21225,
        "warm": {
          "n": 9,
          "min": 1089.569375,
          "median": 1114.420625,
          "p90": 1202.783542,
          "p95": 1202.783542,
          "p99": 1202.783542,
          "max": 1202.783542,
          "mean": 1130.2028888888888
        },
        "all": {
          "n": 10,
          "min": 1089.569375,
          "median": 1114.420625,
          "p90": 1198.21225,
          "p95": 1202.783542,
          "p99": 1202.783542,
          "max": 1202.783542,
          "mean": 1137.003825
        },
        "payloadBytesMean": 2257,
        "payloadTokensMean": 745,
        "runs": 10
      },
      "firstRunHitCount": 10,
      "ttfr": null
    },
    {
      "id": "rare-term",
      "kind": "rare",
      "query": "phlogiston",
      "stats": {
        "coldMs": 864.18125,
        "warm": {
          "n": 9,
          "min": 823.32825,
          "median": 826.683833,
          "p90": 864.628875,
          "p95": 864.628875,
          "p99": 864.628875,
          "max": 864.628875,
          "mean": 833.1285463333334
        },
        "all": {
          "n": 10,
          "min": 823.32825,
          "median": 826.683833,
          "p90": 864.18125,
          "p95": 864.628875,
          "p99": 864.628875,
          "max": 864.628875,
          "mean": 836.2338167
        },
        "payloadBytesMean": 2129,
        "payloadTokensMean": 650,
        "runs": 10
      },
      "firstRunHitCount": 9,
      "ttfr": null
    }
  ],
  "read": {
    "small": {
      "path": "Encyclopedia/A/Anglesite.md",
      "stats": {
        "coldMs": 1.252708,
        "warm": {
          "n": 9,
          "min": 0.287666,
          "median": 0.31825,
          "p90": 0.391834,
          "p95": 0.391834,
          "p99": 0.391834,
          "max": 0.391834,
          "mean": 0.33506955555555556
        },
        "all": {
          "n": 10,
          "min": 0.287666,
          "median": 0.31825,
          "p90": 0.391834,
          "p95": 1.252708,
          "p99": 1.252708,
          "max": 1.252708,
          "mean": 0.42683340000000003
        },
        "payloadBytesMean": 2105,
        "payloadTokensMean": 542,
        "runs": 10
      }
    },
    "large": {
      "path": "Encyclopedia/I/Italy.md",
      "stats": {
        "coldMs": 8.635708,
        "warm": {
          "n": 9,
          "min": 5.050666,
          "median": 5.499084,
          "p90": 6.144875,
          "p95": 6.144875,
          "p99": 6.144875,
          "max": 6.144875,
          "mean": 5.530509333333334
        },
        "all": {
          "n": 10,
          "min": 5.050666,
          "median": 5.499084,
          "p90": 6.144875,
          "p95": 8.635708,
          "p99": 8.635708,
          "max": 8.635708,
          "mean": 5.8410292
        },
        "payloadBytesMean": 813667,
        "payloadTokensMean": 196791,
        "runs": 10
      }
    }
  },
  "tools": {
    "list": {
      "coldMs": 1.086167,
      "warm": {
        "n": 9,
        "min": 0.239416,
        "median": 0.267792,
        "p90": 0.512417,
        "p95": 0.512417,
        "p99": 0.512417,
        "max": 0.512417,
        "mean": 0.3057407777777778
      },
      "all": {
        "n": 10,
        "min": 0.239416,
        "median": 0.267792,
        "p90": 0.512417,
        "p95": 1.086167,
        "p99": 1.086167,
        "max": 1.086167,
        "mean": 0.38378340000000005
      },
      "payloadBytesMean": 165,
      "payloadTokensMean": 41,
      "runs": 10
    },
    "listTags": null,
    "outline": null,
    "getBacklinks": null,
    "getLinks": null,
    "getPeriodicNote": null
  }
}